City_ID,City,Lat,Lng,Max Temp,Humidity,Cloudiness,Wind Speed,Country,Date
0,jamestown,42.097,-79.2353,2.77,40,0,8.23,US,1675375077
1,ribeira grande,38.5167,-28.7,16.22,82,75,8.05,PT,1675375244
2,myingyan,21.4667,95.3833,23.81,54,90,1.66,MM,1675375480
3,machinga,-15.1685,35.3,20.28,92,82,1.07,MW,1675375480
4,atuona,-9.8,-139.0333,25.92,80,64,9.67,PF,1675375253
5,singaraja,-8.112,115.0882,24.73,91,100,1.84,ID,1675375499
6,maniitsoq,65.4167,-52.9,-13.13,83,100,6.65,GL,1675375457
7,goundam,16.4145,-3.6708,19.96,10,40,5.73,ML,1675375500
8,san quintin,30.4833,-115.95,17.54,41,13,4.4,MX,1675375232
9,crotone,39.0851,17.1178,10.11,67,0,2.29,IT,1675375233
10,mingshui,36.7167,117.5,-2.04,27,4,1.97,CN,1675375500
11,roma,43.2128,-75.4557,1.32,46,76,1.79,US,1675375324
12,punta arenas,-53.15,-70.9167,19.06,42,0,11.83,CL,1675375183
13,arraial do cabo,-22.9661,-42.0278,28.98,74,20,4.63,BR,1675375255
14,velingara,13.15,-14.1167,28.02,13,69,2.99,SN,1675375501
15,airai,-8.9266,125.4092,16.11,97,100,1.3,TL,1675375283
16,usak,38.5,29.4167,0.37,59,51,1.69,TR,1675375501
17,puerto ayora,-0.7393,-90.3518,29.98,89,99,4.47,EC,1675375191
18,cape town,-33.9258,18.4232,19.23,69,0,8.23,ZA,1675375018
19,hobart,-42.8794,147.3294,12.92,83,20,5.66,AU,1675375187
20,kapaa,22.0752,-159.319,26.17,77,17,2.68,US,1675375254
21,san pedro del pinatar,37.8357,-0.791,9.6,77,0,2.68,ES,1675375501
22,ushuaia,-54.8,-68.3,19.81,42,40,4.12,AR,1675374953
23,ishurdi,24.1333,89.0833,13.91,66,70,3.48,BD,1675375502
24,osoyoos,49.0331,-119.4524,1.23,60,100,1.54,CA,1675375502
25,talara,-4.5772,-81.2719,28.42,61,0,7.2,PE,1675375503
26,bubaque,11.2833,-15.8333,25.04,70,60,6.3,GW,1675375333
27,faya,18.3851,42.4509,12.06,59,0,0.96,SA,1675375326
28,port elizabeth,-33.918,25.5701,20.17,90,75,4.63,ZA,1675375298
29,mataura,-46.1927,168.8643,25.87,52,34,1.64,NZ,1675375185
30,yining,29.0361,114.5636,3.92,86,100,0.95,CN,1675375503
31,cherskiy,68.75,161.3,-26.96,100,98,1.43,RU,1675375217
32,chokurdakh,70.6333,147.9167,-25.71,99,99,1.79,RU,1675375248
33,hamilton,39.1834,-84.5333,3.47,48,0,6.17,US,1675375171
34,yar-sale,66.8333,70.8333,-15.17,95,19,3.8,RU,1675375504
35,castro,-24.7911,-50.0119,19.09,94,100,4.03,BR,1675375333
36,bluff,-46.6,168.3333,18.59,87,58,2.17,NZ,1675375178
37,bredasdorp,-34.5322,20.0403,17.19,75,1,0.59,ZA,1675375180
38,mikhaylovka,50.06,43.2379,-3.5,98,100,1.54,RU,1675375504
39,hay river,60.8156,-115.7999,-23.01,59,40,3.6,CA,1675375505
40,butaritari,3.0707,172.7902,27.14,78,100,8.04,KI,1675375305
41,husavik,66.0449,-17.3389,-0.28,96,100,6.02,IS,1675375505
42,salalah,17.0151,54.0924,19.12,80,6,1.65,OM,1675375322
43,port alfred,-33.5906,26.891,20.66,93,15,0.89,ZA,1675375178
44,bathsheba,13.2167,-59.5167,27.34,61,40,9.26,BB,1675375222
45,tuktoyaktuk,69.4541,-133.0374,-38.0,74,40,2.57,CA,1675375250
46,albany,42.6001,-73.9662,1.24,43,18,3.06,US,1675375057
47,kozluk,38.1938,41.4885,-1.86,93,98,2.16,TR,1675375506
48,douglas,41.3,-96.167,-6.38,55,0,9.77,US,1675375506
49,ilulissat,69.2167,-51.1,-23.23,97,100,4.02,GL,1675375244
50,vaini,-21.2,-175.2,28.09,83,75,5.66,TO,1675375191
51,iqaluit,63.7506,-68.5145,-37.15,67,20,1.03,CA,1675375193
52,victoria,22.2855,114.1577,17.4,82,77,5.81,HK,1675374985
53,kodiak,57.79,-152.4072,1.59,77,100,1.9,US,1675375310
54,kaitangata,-46.2817,169.8464,24.09,57,33,1.4,NZ,1675375255
55,yumaguzino,52.9041,56.3933,-17.8,91,95,1.69,RU,1675375506
56,champerico,14.3,-91.9167,34.3,58,7,5.61,GT,1675375507
57,busselton,-33.65,115.3333,15.88,84,7,6.93,AU,1675375245
58,foundiougne,14.1333,-16.4667,29.03,38,54,5.4,SN,1675375496
59,sakaiminato,35.55,133.2333,1.96,100,75,1.03,JP,1675375507
60,los llanos de aridane,28.6585,-17.9182,14.86,71,0,4.12,ES,1675375186
61,hwange,-18.3693,26.5019,21.89,87,97,0.16,ZW,1675375508
62,batticaloa,7.7102,81.6924,24.7,89,97,2.93,LK,1675375508
63,cabo san lucas,22.8909,-109.9124,23.67,50,75,1.79,MX,1675375022
64,rikitea,-23.1203,-134.9692,26.24,71,80,6.39,PF,1675375184
65,yellowknife,62.456,-114.3525,-28.58,76,20,5.14,CA,1675375017
66,potsdam,52.3989,13.0657,3.36,88,100,2.28,DE,1675375509
67,canmore,51.0834,-115.3521,5.06,91,88,4.12,CA,1675375226
68,bilma,18.6853,12.9164,19.1,18,40,3.43,NE,1675375509
69,walvis bay,-22.9575,14.5053,18.38,82,97,1.54,NA,1675375510
70,provideniya,64.3833,-173.3,-9.94,73,75,8.0,RU,1675375185
71,koster,-25.863,26.8976,17.89,78,70,1.73,ZA,1675375510
72,villazon,-22.0866,-65.5942,15.05,48,54,9.07,BO,1675375510
73,pangnirtung,66.1451,-65.7125,-28.0,69,75,1.54,CA,1675375511
74,kruisfontein,-34.0033,24.7314,17.08,90,2,2.76,ZA,1675375182
75,barrow,71.2906,-156.7887,-18.99,84,100,5.14,US,1675375189
76,ancud,-41.8697,-73.8203,17.96,73,13,2.56,CL,1675375252
77,naze,28.3667,129.4833,11.51,68,3,3.65,JP,1675375371
78,villa union,23.2,-106.2333,25.98,53,40,5.14,MX,1675375511
79,dunedin,-45.8742,170.5036,23.76,57,53,0.6,NZ,1675375247
80,torbay,47.6666,-52.7314,-7.91,76,20,5.14,CA,1675375228
81,port-gentil,-0.7193,8.7815,25.98,94,75,1.03,GA,1675375308
82,nabire,-3.3667,135.4833,24.4,90,100,0.99,ID,1675375512
83,beira,-19.8436,34.8389,27.05,78,20,4.12,MZ,1675375512
84,kathu,7.9178,98.3332,23.9,81,99,2.51,TH,1675375513
85,lucea,18.451,-78.1736,27.92,76,34,6.18,JM,1675375513
86,umred,20.85,79.3333,13.16,25,86,3.64,IN,1675375513
87,kahului,20.8947,-156.47,28.87,72,20,5.66,US,1675375514
88,roebourne,-20.7833,117.1333,29.7,67,64,1.77,AU,1675375514
89,narrabri,-30.3167,149.7833,23.62,58,1,0.45,AU,1675375515
90,hilo,19.7297,-155.09,29.6,81,79,3.58,US,1675375213
91,praxedis guerrero,31.3667,-106.0167,15.7,25,0,4.5,MX,1675375515
92,ostrovnoy,68.0531,39.5131,-5.86,88,100,2.29,RU,1675375299
93,tiksi,71.6872,128.8694,-33.72,98,82,3.33,RU,1675375176
94,rovinj,45.08,13.64,4.6,75,6,1.93,HR,1675375515
95,inuvik,68.3499,-133.7218,-31.52,68,20,2.57,CA,1675375269
96,belle glade,26.6845,-80.6676,27.81,55,7,1.42,US,1675375332
97,hermanus,-34.4187,19.2345,16.0,78,6,3.17,ZA,1675375175
98,byron bay,-28.65,153.6167,26.51,82,17,1.59,AU,1675375172
99,dannenberg,53.0967,11.09,3.97,93,100,3.73,DE,1675375295
100,hambantota,6.1241,81.1185,24.19,100,75,4.12,LK,1675375186
101,hays,30.0502,-98.0336,4.66,91,100,2.24,US,1675375331
102,saint-philippe,-21.3585,55.7679,24.77,88,64,5.67,RE,1675375284
103,praya,14.9215,-23.5087,21.3,73,75,9.26,CV,1675375516
104,mazagao,-0.115,-51.2894,25.03,90,99,2.19,BR,1675375516
105,novikovo,51.1537,37.8879,-1.87,97,97,3.19,RU,1675375517
106,thompson,55.7435,-97.8558,-27.91,63,20,5.14,CA,1675375085
107,new norfolk,-42.7826,147.0587,12.73,70,9,1.46,AU,1675375217
108,liling,27.6667,113.5,3.99,81,100,2.57,CN,1675375517
109,konosha,60.9736,40.257,-5.46,96,100,1.71,RU,1675375518
110,poronaysk,49.2167,143.1167,-22.41,88,100,2.25,RU,1675375518
111,hammerfest,70.6634,23.6821,-2.75,93,40,1.03,NO,1675375341
112,nanortalik,60.1432,-45.2371,-10.36,77,98,6.08,GL,1675375285
113,mmabatho,-25.85,25.6333,20.98,78,88,3.6,ZA,1675375269
114,pevek,69.7008,170.3133,-25.81,100,68,1.26,RU,1675375328
115,east london,-33.0153,27.9116,22.63,83,68,1.48,ZA,1675375284
116,isangel,-19.55,169.2667,29.33,72,35,3.97,VU,1675375234
117,rafraf,37.1904,10.1837,12.17,76,97,4.7,TN,1675375518
118,denizli,37.8402,29.0698,3.19,56,14,1.16,TR,1675375232
119,pitsunda,43.1592,40.3378,3.1,67,100,3.05,GE,1675375519
120,katsuura,35.1333,140.3,4.44,93,100,7.08,JP,1675375096
121,thinadhoo,0.5333,72.9333,27.42,66,28,5.36,MV,1675375426
122,purgstall,48.0584,15.1348,3.08,98,100,3.11,AT,1675375519
123,college,64.8569,-147.8028,-10.79,83,100,1.54,US,1675375187
124,pyskowice,50.4,18.6333,1.32,83,68,2.68,PL,1675375520
125,mogadishu,2.0371,45.3438,24.42,81,81,8.17,SO,1675375184
126,kumla,59.1277,15.1434,-7.04,93,0,2.57,SE,1675375520
127,tuatapere,-46.1333,167.6833,23.12,68,42,0.22,NZ,1675375521
128,kalmunai,7.4167,81.8167,24.35,91,97,2.2,LK,1675375521
129,pailon,-17.65,-62.75,27.5,73,83,2.25,BO,1675375522
130,tasiilaq,65.6145,-37.6368,-5.91,86,100,1.68,GL,1675375343
131,tierra colorada,17.1667,-99.5833,28.31,27,1,3.7,MX,1675375522
132,gouyave,12.1646,-61.7296,27.43,69,40,7.72,GD,1675375334
133,vestmannaeyjar,63.4427,-20.2734,3.61,66,100,13.81,IS,1675375411
134,meulaboh,4.1363,96.1285,24.37,91,100,2.18,ID,1675375460
135,kamariotissa,40.4833,25.4667,10.73,65,100,5.52,GR,1675375523
136,saint anthony,45.0205,-93.218,-13.97,48,0,10.8,US,1675375523
137,beloha,-25.1667,45.05,21.83,84,60,5.01,MG,1675375523
138,capreol,46.706,-80.9225,-12.74,61,20,9.77,CA,1675375461
139,hithadhoo,-0.6,73.0833,28.18,64,87,5.81,MV,1675375212
140,fort walton beach,30.4058,-86.6188,24.36,91,40,5.81,US,1675375309
141,almaznyy,48.0448,40.045,-0.22,83,98,2.6,RU,1675375524
142,olean,42.0776,-78.4297,1.32,62,0,6.27,US,1675375524
143,hearst,49.6835,-83.6665,-24.86,87,100,5.66,CA,1675375525
144,sorgun,39.8101,35.186,-3.65,88,99,3.03,TR,1675375525
145,atar,20.5169,-13.0499,20.14,14,15,4.55,MR,1675375187
146,saskylakh,71.9167,114.0833,-25.46,99,100,1.25,RU,1675375189
147,nikolskoye,59.7035,30.7861,-1.06,98,100,0.81,RU,1675375214
148,goure,13.9835,10.2704,20.87,18,82,4.22,NE,1675375525
149,bowen,-20.0167,148.2333,26.96,77,97,1.83,AU,1675375526
150,leningradskiy,69.3833,178.4167,-30.27,100,100,2.39,RU,1675375256
151,upernavik,72.7868,-56.1549,-22.82,86,80,1.97,GL,1675375218
152,tianpeng,30.9866,103.9393,5.26,75,67,3.66,CN,1675375527
153,mabai,23.0128,104.4508,10.82,94,100,0.79,CN,1675375527
154,lata,40.1629,-8.3327,5.6,79,0,1.68,PT,1675375527
155,san cristobal,7.7669,-72.225,24.1,33,5,2.3,VE,1675375165
156,ornskoldsvik,63.2909,18.7153,-9.47,92,0,2.57,SE,1675375528
157,mar del plata,-38.0023,-57.5575,23.38,86,75,9.39,AR,1675375025
158,lloydminster,53.2835,-110.0016,-20.88,65,100,8.75,CA,1675375528
159,saldanha,-33.0117,17.9442,16.03,85,0,8.26,ZA,1675375298
160,hogyesz,46.497,18.4184,3.45,72,35,6.84,HU,1675375528
161,parrita,9.5201,-84.3225,28.5,63,77,2.42,CR,1675375529
162,touros,-5.1989,-35.4608,26.76,76,49,6.89,BR,1675375177
163,miraflores,19.2167,-98.8083,24.46,21,1,1.25,MX,1675375529
164,anloga,5.7947,0.8973,27.4,82,6,4.67,GH,1675375529
165,burley,42.5357,-113.7928,-0.39,91,20,3.7,US,1675375530
166,visnes,59.3556,5.2242,4.56,93,100,8.75,NO,1675375530
167,yabrud,33.9674,36.6574,-0.2,77,22,2.57,SY,1675375531
168,sao filipe,14.8961,-24.4956,22.23,72,31,6.5,CV,1675375287
169,virginia beach,36.8529,-75.978,5.03,77,100,2.57,US,1675375437
170,hobyo,5.3505,48.5268,24.34,70,99,7.91,SO,1675375531
171,ust-tsilma,65.441,52.1498,-14.2,99,97,1.0,RU,1675375532
172,kambove,-10.8764,26.5969,16.8,96,100,1.01,CD,1675375532
173,killybegs,54.6333,-8.45,10.06,91,100,9.54,IE,1675375532
174,totoro,2.512,-76.4012,14.76,76,61,0.74,CO,1675375533
175,acarau,-2.8856,-40.12,26.53,81,100,5.8,BR,1675375533
176,santa rosa,14.3122,121.1114,25.62,83,33,4.78,PH,1675375406
177,georgetown,5.4112,100.3354,24.96,100,20,1.03,MY,1675374938
178,fallon,39.4735,-118.7774,7.93,45,75,1.54,US,1675375534
179,mayor pablo lagerenza,-19.9309,-60.7718,29.25,59,100,1.8,PY,1675375534
180,guerrero negro,27.9769,-114.0611,19.89,35,13,4.73,MX,1675375318
181,kahama,-3.8333,32.6,18.14,87,98,1.93,TZ,1675375535
182,lorengau,-2.0226,147.2712,27.66,76,77,0.86,PG,1675375228
183,araguacu,-12.9306,-49.8264,24.04,86,67,1.46,BR,1675375535
184,killarney,52.05,-9.5167,8.33,94,61,3.32,IE,1675375535
185,beringovskiy,63.05,179.3167,-12.96,94,100,5.48,RU,1675375181
186,vevey,46.4612,6.8433,3.82,87,13,2.59,CH,1675375536
187,grand-santi,4.25,-54.3833,22.73,98,50,1.35,GF,1675375536
188,esperance,-33.8667,121.9,16.08,73,46,3.56,AU,1675375242
189,fairbanks,64.8378,-147.7164,-11.62,84,100,2.06,US,1675375536
190,valleyview,55.0667,-117.2859,-11.98,79,98,6.17,CA,1675375246
191,estelle,29.8458,-90.1067,13.89,86,100,4.63,US,1675375329
192,keti bandar,24.1447,67.4497,19.68,50,0,2.89,PK,1675375537
193,labuhan,-6.8844,112.2051,24.5,89,100,2.67,ID,1675375377
194,ygatimi,-24.0833,-55.5,27.94,73,68,1.71,PY,1675375537
195,akdagmadeni,39.6603,35.8836,-4.42,87,87,3.89,TR,1675375538
196,maple creek,49.9168,-109.4848,-11.97,72,100,9.26,CA,1675375538
197,sao miguel do tapuio,-5.5036,-41.3233,24.09,77,100,1.47,BR,1675375538
198,kavaratti,10.5669,72.642,26.35,79,86,2.83,IN,1675375286
199,hervey bay,-25.2986,152.8535,26.1,83,52,1.84,AU,1675375220
200,ternate,0.8,127.4,25.22,83,100,2.78,ID,1675375538
201,zhanaozen,43.3,52.8,2.48,87,100,4.01,KZ,1675375539
202,yumen,40.2833,97.2,-6.63,41,17,1.14,CN,1675375405
203,pitimbu,-7.4706,-34.8086,28.33,72,7,5.55,BR,1675375539
204,zyryanka,65.75,150.85,-34.59,100,95,1.08,RU,1675375539
205,chuy,-33.6971,-53.4616,20.32,92,100,6.16,UY,1675375290
206,glencoe,-28.1783,30.147,16.43,95,94,0.73,ZA,1675375540
207,nador,35.174,-2.9287,12.14,100,75,2.06,MA,1675375540
208,klaksvik,62.2266,-6.589,5.51,87,100,16.11,FO,1675375289
209,luderitz,-26.6481,15.1594,18.04,65,6,8.86,NA,1675375241
210,lavrentiya,65.5833,-171.0,-18.1,93,12,3.51,RU,1675375340
211,kwinana,-32.25,115.7667,18.99,70,1,1.34,AU,1675375540
212,cervo,43.6702,-7.4101,9.42,83,15,5.54,ES,1675375541
213,tigil,57.8,158.6667,-27.66,100,95,0.98,RU,1675375398
214,kargil,34.5667,76.1,-17.2,97,97,1.19,IN,1675375541
215,alihe,50.5667,123.7167,-29.9,98,35,1.62,CN,1675375350
216,tres arroyos,-38.3739,-60.2798,23.55,54,69,4.66,AR,1675375541
217,broken hill,-31.95,141.4333,15.35,42,2,8.97,AU,1675375542
218,alice springs,-23.7,133.8833,16.75,72,0,1.54,AU,1675375250
219,mount isa,-20.7333,139.5,23.87,50,36,4.12,AU,1675375257
220,bandarbeyla,9.4942,50.8122,23.7,69,6,6.89,SO,1675375542
221,sioux lookout,50.1001,-91.917,-25.96,53,20,8.23,CA,1675375542
222,klang,3.0333,101.45,25.48,88,20,1.03,MY,1675375542
223,tres picos,15.8667,-93.5333,30.81,54,5,3.09,MX,1675375543
224,nchelenge,-9.3451,28.734,21.56,84,95,2.08,ZM,1675375543
225,ketchikan,55.3422,-131.6461,5.99,93,100,8.23,US,1675375544
226,dingle,10.9995,122.6711,23.35,94,86,3.95,PH,1675375306
227,severo-kurilsk,50.6789,156.125,-2.75,93,100,21.93,RU,1675375328
228,mahebourg,-20.4081,57.7,25.7,88,40,1.54,MU,1675375296
229,vicuna,-30.0319,-70.7081,29.87,40,0,3.57,CL,1675375542
230,iskateley,67.6803,53.1512,-12.6,96,67,3.8,RU,1675375544
231,agapovka,53.2973,59.1348,-19.44,98,21,0.61,RU,1675375544
232,north myrtle beach,33.816,-78.68,7.29,95,100,1.54,US,1675375544
233,khatanga,71.9667,102.5,-36.13,100,53,0.76,RU,1675375184
234,kavali,14.9167,79.9833,23.2,79,8,2.66,IN,1675375545
235,plouzane,48.3833,-4.6167,9.03,87,100,1.54,FR,1675375545
236,yeppoon,-23.1333,150.7333,27.88,74,81,2.18,AU,1675375416
237,alyangula,-13.8483,136.4192,27.79,81,100,6.8,AU,1675375239
238,dikson,73.5069,80.5464,-15.94,91,100,2.92,RU,1675375232
239,grass valley,39.2191,-121.0611,15.25,30,0,1.79,US,1675375546
240,hofn,64.2539,-15.2082,3.69,81,78,9.38,IS,1675375546
241,tilichiki,60.4667,166.1,-23.1,98,71,3.9,RU,1675375546
242,hongjiang,27.11,109.9956,5.43,82,100,1.48,CN,1675375547
243,pisco,-13.7,-76.2167,26.03,69,0,9.77,PE,1675375374
244,teluknaga,-6.0989,106.6381,27.88,100,75,6.17,ID,1675375297
245,henties bay,-22.116,14.2845,17.71,88,85,1.86,NA,1675375547
246,coquimbo,-29.9533,-71.3436,19.85,72,40,6.17,CL,1675374995
247,kineshma,57.4391,42.1289,-3.4,95,100,3.11,RU,1675375547
248,saint george,37.1041,-113.5841,13.57,30,0,1.34,US,1675374942
249,calvia,39.5657,2.5062,6.71,70,0,2.28,ES,1675375548
250,phan thiet,10.9333,108.1,22.84,86,94,3.39,VN,1675375548
251,lasa,46.6166,10.7002,1.31,94,73,3.54,IT,1675375548
252,mantua,45.1667,10.7833,7.81,78,0,2.68,IT,1675375549
253,zhizdra,53.746,34.7395,-1.76,96,95,3.15,RU,1675375549
254,avarua,-21.2078,-159.775,28.03,83,75,5.14,CK,1675375191
255,richards bay,-28.783,32.0377,23.49,91,100,1.71,ZA,1675375549
256,narsaq,60.9167,-46.05,-10.88,97,70,3.15,GL,1675375469
257,carnarvon,-24.8667,113.6333,27.89,60,24,1.88,AU,1675375287
258,jieshou,33.2634,115.3611,-0.6,50,63,0.19,CN,1675375549
259,benalla,-36.55,145.9833,10.48,74,79,5.86,AU,1675375550
260,lebu,-37.6167,-73.65,16.75,75,0,11.02,CL,1675375037
261,kibala,9.1104,18.3463,26.97,26,0,2.06,TD,1675375550
262,maryville,35.7565,-83.9705,6.49,97,100,2.68,US,1675375386
263,fukue,32.6881,128.8419,9.62,61,91,5.67,JP,1675375550
264,sorland,67.667,12.6934,-0.08,80,94,6.69,NO,1675375551
265,qaanaaq,77.484,-69.3632,-16.82,60,13,4.08,GL,1675375180
266,maceio,-9.6658,-35.7353,27.69,78,40,5.66,BR,1675375035
267,hegang,47.4,130.3667,-20.96,86,3,2.48,CN,1675375551
268,norman wells,65.282,-126.8329,-32.98,75,20,2.06,CA,1675375332
269,bryan,30.6744,-96.37,3.86,95,100,6.69,US,1675375542
270,maldonado,-34.6667,-54.9167,19.01,95,100,4.8,UY,1675375407
271,itoman,26.1247,127.6694,17.01,72,20,3.6,JP,1675375190
272,alta floresta,-9.8756,-56.0861,24.95,86,84,0.37,BR,1675375552
273,erenhot,43.6475,111.9767,-10.51,38,87,2.83,CN,1675375183
274,grand gaube,-20.0064,57.6608,25.77,82,2,0.45,MU,1675375552
275,heihe,50.2441,127.4902,-23.68,94,5,1.24,CN,1675375552
276,cayenne,4.9333,-52.3333,23.02,94,75,3.09,GF,1675375261
277,port lincoln,-34.7333,135.8667,14.99,57,100,10.61,AU,1675375225
278,muros,42.7762,-9.0603,5.05,92,0,1.69,ES,1675375553
279,auxerre,47.8,3.5667,7.02,72,100,3.56,FR,1675375553
280,birjand,32.8663,59.2211,6.26,93,75,2.06,IR,1675375510
281,maarianhamina,60.0973,19.9348,-2.08,80,75,1.54,AX,1675375553
282,okhotsk,59.3833,143.3,-21.39,88,85,5.11,RU,1675375555
283,taltal,-25.4,-70.4833,22.26,75,24,3.0,CL,1675375414
284,xining,36.6167,101.7667,-4.89,35,0,0.86,CN,1675375555
285,baykit,61.67,96.37,-22.26,100,93,1.16,RU,1675375556
286,vaitape,-16.5167,-151.75,27.12,78,25,8.09,PF,1675375556
287,havelock,34.8791,-76.9013,6.0,89,100,2.57,US,1675375429
288,flinders,-34.5833,150.8552,21.32,56,0,3.58,AU,1675375412
289,christchurch,-43.5333,172.6333,28.28,48,75,6.17,NZ,1675375424
290,ekhabi,53.5102,142.9671,-27.03,95,100,5.63,RU,1675375241
291,jiujiang,29.7333,115.9833,4.21,82,99,3.39,CN,1675375557
292,asau,46.4333,26.4,-2.49,92,42,2.8,RO,1675375557
293,binzhou,37.3667,118.0167,-2.85,37,19,1.78,CN,1675375557
294,chekhov,55.1431,37.4711,-1.03,96,99,3.05,RU,1675375558
295,reconquista,-29.15,-59.65,33.15,32,100,2.38,AR,1675375558
296,sorong,-0.8833,131.25,26.79,80,100,4.68,ID,1675375366
297,vao,-22.6667,167.4833,26.73,80,86,4.82,NC,1675375181
298,luchegorsk,46.4764,134.2569,-26.42,100,51,1.98,RU,1675375558
299,kloulklubed,7.0419,134.2556,28.31,75,100,8.13,PW,1675375453
300,cidreira,-30.1811,-50.2056,25.3,80,99,6.17,BR,1675375468
301,ossora,59.2353,163.0719,-18.87,89,9,2.56,RU,1675375559
302,iberia,29.9502,-91.7507,7.98,87,100,3.6,US,1675375559
303,cururupu,-1.8283,-44.8683,22.64,98,88,1.34,BR,1675375559
304,san buenaventura,27.0833,-101.5333,16.93,58,40,6.17,MX,1675375560
305,constitucion,-35.3333,-72.4167,21.78,55,2,8.06,CL,1675375247
306,santona,43.4439,-3.4576,8.37,80,0,3.44,ES,1675375560
307,presidencia roque saenz pena,-26.7852,-60.4388,32.69,34,100,4.98,AR,1675375561
308,bourg-en-bresse,46.1667,5.1667,6.9,83,81,1.43,FR,1675375561
309,ponta do sol,32.6667,-17.1,15.35,56,46,3.83,PT,1675375286
310,bay roberts,47.5999,-53.2648,-7.49,79,29,0.89,CA,1675375561
311,uyemskiy,64.4743,40.8524,-3.97,100,100,1.0,RU,1675375562
312,nome,64.5011,-165.4064,-11.96,92,40,1.54,US,1675375562
313,gloucester,51.8657,-2.2431,10.64,82,93,3.58,GB,1675375301
314,tahlequah,35.9154,-94.97,2.12,69,100,0.0,US,1675375563
315,lagoa,39.05,-27.9833,14.49,85,40,10.97,PT,1675375341
316,ivdel,60.6911,60.4206,-12.5,97,100,0.71,RU,1675375563
317,marsa matruh,31.3525,27.2453,10.11,71,0,2.57,EG,1675375563
318,hami,42.8,93.45,-4.9,60,65,2.31,CN,1675375564
319,pochutla,15.7432,-96.4661,30.46,43,5,3.13,MX,1675375336
320,fortuna,40.5982,-124.1573,18.29,25,20,7.72,US,1675375238
321,bengkulu,-3.8004,102.2655,23.28,90,100,2.18,ID,1675375182
322,lufilufi,-13.8745,-171.5986,29.88,78,87,7.93,WS,1675375564
323,mitchell,43.7094,-98.0298,-15.15,68,0,5.14,US,1675375565
324,sabzevar,36.2126,57.6819,6.31,55,1,1.46,IR,1675375565
325,oriximina,-1.7656,-55.8661,26.67,75,89,2.01,BR,1675375565
326,khudumelapye,-23.8833,24.75,22.51,68,91,3.02,BW,1675375565
327,tambopata,-12.7333,-69.1833,28.94,65,0,2.57,PE,1675375566
328,mayumba,-3.432,10.6554,26.68,87,89,3.44,GA,1675375567
329,marawi,7.9986,124.2928,18.39,93,100,0.51,PH,1675375567
330,riyadh,24.6877,46.7219,13.08,65,0,4.51,SA,1675375500
331,broome,42.2506,-75.833,1.59,47,0,4.63,US,1675375567
332,acapulco,16.8634,-99.8901,29.9,62,0,5.14,MX,1675375402
333,port macquarie,-31.4333,152.9167,27.72,56,4,2.03,AU,1675375568
334,tateyama,34.9833,139.8667,5.61,74,100,6.96,JP,1675375568
335,carutapera,-1.195,-46.02,23.21,97,100,2.0,BR,1675375568
336,sterling,39.0062,-77.4286,4.5,72,100,3.6,US,1675375388
337,matara,5.9485,80.5353,23.66,93,100,3.28,LK,1675375569
338,santa cruz,-17.8,-63.1667,26.7,78,75,5.14,BO,1675375219
339,camacha,33.0833,-16.3333,13.68,63,40,3.6,PT,1675375569
340,coihaique,-45.5752,-72.0662,21.97,46,20,3.6,CL,1675375319
341,ogbomosho,8.133,4.25,30.48,37,90,1.42,NG,1675375570
342,pudozh,61.8099,36.5345,-4.63,94,100,1.75,RU,1675375570
343,portland,45.5234,-122.6762,11.08,50,75,2.24,US,1675375484
344,rocha,-34.4833,-54.3333,19.1,95,100,4.22,UY,1675375571
345,kavieng,-2.5744,150.7967,28.41,72,86,2.55,PG,1675375338
346,antofagasta,-23.65,-70.4,22.6,80,26,3.51,CL,1675375219
347,nizhniy kuranakh,58.8353,125.4869,-16.08,94,100,3.16,RU,1675375571
348,sarangani,5.4033,125.4636,27.1,75,96,8.12,PH,1675375572
349,siverek,37.755,39.3167,-0.36,65,0,2.07,TR,1675375572
350,awbari,26.5921,12.7805,12.36,42,100,4.77,LY,1675375572
351,codrington,-38.2667,141.9667,11.61,71,100,7.37,AU,1675375253
352,minot,48.2325,-101.2963,-18.88,55,0,2.57,US,1675375519
353,kyzyl-suu,42.3414,78.0056,-2.3,67,93,3.33,KG,1675375573
354,darnah,32.767,22.6367,13.4,67,98,3.93,LY,1675375573
355,ahipara,-35.1667,173.1667,22.89,91,98,3.25,NZ,1675375573
356,rundu,-17.9333,19.7667,19.58,94,99,3.06,NA,1675375574
357,pacific grove,36.6177,-121.9166,17.44,52,0,1.79,US,1675375574
358,berovo,41.7031,22.8578,-0.16,93,98,0.14,MK,1675375518
359,nogliki,51.8333,143.1667,-24.86,92,100,3.79,RU,1675375575
360,litovko,49.2361,135.1742,-32.38,100,57,0.58,RU,1675375575
361,manokwari,-0.8667,134.0833,25.08,80,83,2.21,ID,1675375575
362,dalvik,65.9702,-18.5286,1.96,92,100,2.24,IS,1675375576
363,sitka,57.0531,-135.33,3.3,94,100,1.98,US,1675375253
364,suslonger,56.3156,48.2531,-9.63,94,100,2.68,RU,1675375576
365,pontes e lacerda,-15.2261,-59.3353,25.66,90,97,1.32,BR,1675375488
366,plyussa,58.4308,29.3654,-3.18,97,100,2.62,RU,1675375576
367,bjornevatn,69.6672,29.9847,-7.21,85,0,3.6,NO,1675375577
368,port blair,11.6667,92.75,25.04,80,31,2.7,IN,1675375577
369,qovlar,40.948,45.735,3.03,76,100,3.68,AZ,1675375579
370,boyolangu,-8.1181,111.8935,23.17,93,100,2.84,ID,1675375579
371,clyde river,70.4692,-68.5914,-31.87,68,20,3.6,CA,1675375238
372,pavlikeni,43.2428,25.3219,3.71,69,6,6.42,BG,1675375579
373,melito di porto salvo,37.9222,15.7714,13.08,76,40,3.09,IT,1675375580
374,sechura,-5.5569,-80.8222,26.61,63,42,7.1,PE,1675375580
375,calbuco,-41.768,-73.1273,21.56,76,1,5.95,CL,1675375581
376,miranda,3.2499,-76.2281,28.07,67,58,0.91,CO,1675375581
377,iquitos,-3.7481,-73.2472,31.02,58,20,3.09,PE,1675375581
378,namatanai,-3.6667,152.4333,28.15,74,90,1.59,PG,1675375230
379,caconda,-13.7333,15.0667,16.61,74,100,1.89,AO,1675375582
380,muscatine,41.4667,-91.1335,-3.28,44,53,2.68,US,1675375582
381,veraval,20.9,70.3667,21.68,44,37,4.7,IN,1675375582
382,boguchany,58.3814,97.4531,-13.27,97,100,2.25,RU,1675375583
383,olafsvik,64.8945,-23.7142,2.29,96,77,10.72,IS,1675375342
384,kidal,18.4411,1.4078,21.8,10,10,5.93,ML,1675375583
385,araouane,18.9048,-3.5265,16.83,14,45,5.91,ML,1675375583
386,sao felix do xingu,-6.6447,-51.995,23.41,94,66,1.53,BR,1675375301
387,marau,-28.4492,-52.2,27.97,74,97,1.66,BR,1675375486
388,hasaki,35.7333,140.8333,2.9,73,100,6.77,JP,1675375282
389,kudahuvadhoo,2.6708,72.8944,26.6,68,31,5.72,MV,1675375584
390,nenjiang,49.1833,125.2167,-31.36,97,48,0.67,CN,1675375584
391,deputatskiy,69.3,139.9,-31.2,99,99,1.48,RU,1675375584
392,meadow lake,34.8014,-106.5436,11.49,29,0,3.08,US,1675375585
393,souillac,-20.5167,57.5167,25.21,88,40,1.54,MU,1675375463
394,aklavik,68.2191,-135.0107,-36.0,75,20,3.6,CA,1675375419
395,lompoc,34.6391,-120.4579,19.96,37,75,6.69,US,1675375409
396,whitehorse,60.7161,-135.0538,-11.22,67,75,5.66,CA,1675375408
397,amurrio,43.05,-3.0,4.92,79,5,0.7,ES,1675375586
398,luganville,-15.5333,167.1667,29.26,70,25,2.08,VU,1675375586
399,teknaf,20.8624,92.3058,17.49,42,99,5.66,BD,1675375586
400,xai-xai,-25.0519,33.6442,24.23,79,20,3.92,MZ,1675375587
401,padang,-0.9492,100.3543,24.49,84,100,1.81,ID,1675375229
402,verkhnyaya inta,65.9811,60.3094,-5.46,95,100,3.82,RU,1675375587
403,kabo,7.6994,18.629,25.32,18,7,0.5,CF,1675375588
404,west odessa,31.8424,-102.4988,13.15,51,0,4.12,US,1675375588
405,sao joao da barra,-21.6403,-41.0511,28.05,88,98,6.91,BR,1675375258
406,andenes,69.3143,16.1194,-3.37,93,0,4.63,NO,1675375189
407,peniche,39.3558,-9.3811,11.36,84,0,3.01,PT,1675375588
408,mathathane,-22.2687,28.7495,25.2,54,52,3.08,BW,1675375588
409,puerto escondido,15.85,-97.0667,29.46,65,0,2.57,MX,1675375486
410,le vauclin,14.5452,-60.8388,25.03,73,20,5.14,MQ,1675375589
411,lianran,24.9227,102.485,13.3,57,94,2.45,CN,1675375589
412,griffith,41.5284,-87.4237,1.69,61,0,7.72,US,1675375590
413,mabaruma,8.2,-59.7833,24.19,77,74,2.41,GY,1675375590
414,halifax,44.6453,-63.5724,-2.0,72,40,4.63,CA,1675375449
415,kangaatsiaq,68.3065,-53.4641,-16.97,93,100,5.33,GL,1675375590
416,sovetskiy,61.3614,63.5842,-12.49,99,100,1.78,RU,1675375591
417,yomou,7.5603,-9.2653,23.98,53,8,1.45,GN,1675375591
418,tabriz,38.08,46.2919,1.7,60,75,4.12,IR,1675375591
419,havoysund,70.9963,24.6622,-3.87,74,100,1.79,NO,1675375451
420,waynesville,35.4887,-82.9887,6.78,94,100,1.34,US,1675375325
421,quimper,48.0,-4.1,9.31,87,100,1.54,FR,1675375592
422,dwarka,22.2394,68.9678,20.28,49,21,3.98,IN,1675375592
423,igarka,67.4667,86.5833,-11.03,96,100,3.43,RU,1675375456
424,vila velha,-20.3297,-40.2925,27.97,84,0,8.23,BR,1675375288
425,rosetta,31.4044,30.4164,13.92,65,78,4.3,EG,1675375593
426,ilorin,8.5,4.55,32.11,18,64,1.1,NG,1675375593
427,conde,-7.2597,-34.9075,27.7,74,40,6.17,BR,1675375593
428,illapel,-31.6308,-71.1653,27.55,41,0,3.39,CL,1675375594
429,paita,-5.0892,-81.1144,25.74,71,60,6.37,PE,1675375594
430,palafrugell,41.9174,3.1631,6.31,59,0,0.45,ES,1675375594
431,namibe,-15.1961,12.1522,22.58,76,52,1.8,AO,1675375185
432,ayan,56.45,138.1667,-24.24,82,35,3.63,RU,1675375595
433,santa cruz del sur,20.7147,-77.9956,29.18,51,2,3.77,CU,1675375595
434,arman,59.7,150.1667,-19.68,90,72,3.59,RU,1675375596
435,maningrida,-12.0667,134.2667,25.43,92,100,3.58,AU,1675375596
436,sistranda,63.7256,8.834,-1.02,65,13,9.33,NO,1675375596
437,samana,19.2056,-69.3369,27.12,78,40,0.0,DO,1675375597
438,kaspiyskiy,45.3929,47.3707,1.12,81,100,4.07,RU,1675375597
439,oranjestad,12.524,-70.027,27.97,70,20,8.75,AW,1675375359
440,manakara,-22.1333,48.0167,23.05,89,55,1.61,MG,1675375597
441,usinsk,65.9939,57.5281,-5.95,95,100,6.57,RU,1675375598
442,puerto el triunfo,13.2833,-88.55,32.7,41,30,2.59,SV,1675375598
443,yatou,37.15,122.3833,-3.61,68,81,1.84,CN,1675375598
444,batemans bay,-35.7167,150.1833,19.5,42,0,4.22,AU,1675375599
445,robertsport,6.7533,-11.3686,26.26,88,16,3.52,LR,1675375599
446,sambava,-14.2667,50.1667,24.83,86,29,5.55,MG,1675375309
447,salima,-13.7804,34.4587,21.47,95,100,1.33,MW,1675375599
448,vokhma,58.9303,46.7586,-7.67,97,99,2.12,RU,1675375600
449,labuan,5.2767,115.2417,26.2,88,20,1.03,MY,1675375600
450,devonport,-41.1667,146.35,10.05,80,99,1.51,AU,1675375601
451,qitaihe,45.8,130.85,-23.74,93,16,1.58,CN,1675375601
452,mount gambier,-37.8333,140.7667,9.65,82,95,5.51,AU,1675375601
453,shimoda,34.6667,138.95,3.95,67,100,6.58,JP,1675375602
454,tautira,-17.7333,-149.15,27.07,82,6,8.65,PF,1675375602
455,tiznit,29.5833,-9.5,10.17,49,0,1.15,MA,1675375350
456,jacarau,-6.6122,-35.2928,24.78,74,4,5.68,BR,1675375602
457,krasnyy chikoy,50.3643,108.7512,-21.55,100,100,1.25,RU,1675375603
458,alofi,-19.0595,-169.9187,24.94,88,100,1.03,NU,1675375192
459,tynda,55.1667,124.7167,-35.52,100,63,1.45,RU,1675375603
460,saint-paul,-21.0096,55.2707,25.06,83,87,2.39,RE,1675375604
461,longyearbyen,78.2186,15.6401,-15.09,78,20,6.69,SJ,1675375311
462,wangqing,43.3218,129.7634,-19.81,97,11,0.88,CN,1675375604
463,bambous virieux,-20.3428,57.7575,25.68,88,40,1.54,MU,1675375346
464,auki,-8.7676,160.7034,27.33,80,96,2.12,SB,1675375243
465,faanui,-16.4833,-151.75,27.13,78,24,8.14,PF,1675375185
466,tahta,26.7693,31.5021,11.19,44,0,2.86,EG,1675375344
467,nizwa,22.9333,57.5333,18.57,47,0,0.42,OM,1675375604
468,kyzyl,51.7,94.45,-28.9,99,81,0.24,RU,1675375605
469,san policarpo,12.1791,125.5072,26.13,83,18,7.32,PH,1675375605
470,humboldt,40.6665,-123.9178,13.4,36,100,2.89,US,1675375605
471,kozulka,50.0351,23.797,-0.45,93,100,6.09,UA,1675375606
472,newry,54.1784,-6.3374,11.17,86,100,7.47,GB,1675375356
473,neiafu,-18.65,-173.9833,25.38,94,75,7.2,TO,1675375606
474,golden,39.7555,-105.2211,9.54,36,0,3.6,US,1675375606
475,sola,-13.8833,167.55,27.96,70,24,2.48,VU,1675375329
476,kodinar,20.7903,70.7031,21.27,39,35,4.02,IN,1675375607
477,warmbad,-28.45,18.7333,25.08,35,0,4.04,NA,1675375313
478,kontagora,10.3999,5.4695,27.29,16,73,2.03,NG,1675375607
479,kapuskasing,49.4169,-82.4331,-23.95,53,100,6.69,CA,1675375607
480,dehui,44.5333,125.7,-17.78,86,25,3.1,CN,1675375607
481,pocone,-16.2567,-56.6228,29.4,62,99,1.41,BR,1675375524
482,don sak,9.3168,99.6918,24.61,87,99,2.48,TH,1675375608
483,raudeberg,61.9875,5.1352,2.37,66,100,3.65,NO,1675375608
484,tiarei,-17.5333,-149.3333,31.01,81,2,9.08,PF,1675375608
485,nezhinka,51.7676,55.3694,-16.91,85,0,4.02,RU,1675375608
486,qaqortoq,60.7167,-46.0333,-18.65,95,21,2.4,GL,1675375609
487,buala,-8.145,159.5921,27.38,80,99,1.94,SB,1675375609
488,agadir,30.4202,-9.5982,13.25,61,0,2.33,MA,1675375457
489,eydhafushi,5.1033,73.0708,26.35,74,64,4.59,MV,1675375336
490,manggar,-2.8833,108.2667,25.05,88,96,1.36,ID,1675375609
491,imbituba,-28.24,-48.6703,25.05,90,44,2.34,BR,1675375424
492,galle,6.0367,80.217,24.07,90,100,3.68,LK,1675375610
493,naryan-mar,67.6713,53.087,-12.55,96,66,3.82,RU,1675375610
494,saint-joseph,-21.3667,55.6167,24.21,86,43,5.8,RE,1675375415
495,chingirlau,51.095,54.0814,-13.04,86,71,3.85,KZ,1675375610
496,mahibadhoo,3.7833,72.9667,26.81,65,45,5.0,MV,1675375339
497,urumqi,43.801,87.6005,-16.47,85,72,1.0,CN,1675375611
498,zirandaro,18.45,-100.9833,36.0,18,0,1.19,MX,1675375611
499,kattivakkam,13.2167,80.3167,27.05,76,40,4.82,IN,1675375255
500,havre-saint-pierre,50.2334,-63.5986,-10.8,85,100,2.06,CA,1675375611
501,shenjiamen,29.9576,122.298,5.53,85,100,5.02,CN,1675375612
502,turinsk,58.0458,63.696,-17.33,97,79,2.1,RU,1675375612
503,bethel,41.3712,-73.414,2.93,43,17,3.28,US,1675375241
504,dunmore town,25.5,-76.65,24.09,73,10,3.72,BS,1675375612
505,lubumbashi,-11.6609,27.4794,17.31,93,100,0.32,CD,1675375613
506,margate,51.3813,1.3862,10.49,81,57,1.34,GB,1675375613
507,zhigansk,66.7697,123.3711,-33.93,99,100,3.27,RU,1675375613
508,cangucu,-31.395,-52.6756,24.56,75,100,4.65,BR,1675375475
509,daytona beach,29.2108,-81.0228,29.6,63,20,5.14,US,1675375606
510,sabang,5.8933,95.3214,26.87,74,98,1.76,ID,1675375613
511,mackenzie,55.2999,-123.1698,-5.88,93,100,2.57,CA,1675375614
512,eidfjord,60.4675,7.0719,-1.44,94,100,3.44,NO,1675375614
513,lebanon,36.2081,-86.2911,2.13,94,100,1.54,US,1675375440
514,yekaterinoslavka,50.3734,129.1139,-31.04,100,59,0.73,RU,1675375615
515,puerto carreno,6.189,-67.4859,33.22,31,31,4.52,CO,1675375615
516,gairatganj,23.4202,78.2385,12.82,33,59,2.03,IN,1675375615
517,breves,-1.6822,-50.4803,22.77,96,100,1.76,BR,1675375616
518,grindavik,63.8424,-22.4338,2.26,93,75,17.49,IS,1675375237
519,bonavista,48.6499,-53.1147,-7.74,72,92,6.75,CA,1675375352
520,rydultowy,50.0586,18.417,0.96,83,70,2.68,PL,1675375616
521,urucara,-2.5364,-57.76,24.55,93,59,1.06,BR,1675375617
522,tucuman,-26.8241,-65.2226,27.76,56,15,1.35,AR,1675375617
523,urusha,54.05,122.9,-32.44,97,67,1.23,RU,1675375617
524,vangaindrano,-23.35,47.6,22.43,89,91,1.48,MG,1675375618
525,geraldton,-28.7667,114.6,27.23,28,20,3.09,AU,1675375403
526,toora-khem,52.4675,96.11,-26.72,100,97,0.51,RU,1675375279
527,port hardy,50.6996,-127.4199,7.1,76,100,11.83,CA,1675375227
528,orlik,52.5178,99.825,-27.41,93,26,1.15,RU,1675375618
529,olonets,60.9847,32.9698,-9.42,96,100,2.26,RU,1675375618
530,santa lucia,27.9117,-15.5407,11.62,51,20,2.57,ES,1675375619
531,paciran,-6.8767,112.3761,24.42,90,100,3.28,ID,1675375619
532,labytnangi,66.6572,66.4183,-15.65,96,68,1.98,RU,1675375540
533,paveh,35.0434,46.3565,-2.29,94,98,2.39,IR,1675375619
534,hirara,24.8,125.2833,19.15,82,75,4.63,JP,1675375620
535,biltine,14.5333,20.9167,23.01,16,11,6.2,TD,1675375620
536,mananara,-16.1667,49.7667,23.21,94,26,2.31,MG,1675375620
537,erzin,36.9559,36.2,4.71,45,0,1.24,TR,1675375621
538,asyut,27.181,31.1837,10.9,46,1,2.51,EG,1675375621
539,sinnamary,5.3833,-52.95,24.63,87,93,4.08,GF,1675375622
540,mayo,38.8876,-76.5119,5.08,62,0,1.54,US,1675375622
541,miandrivazo,-19.5167,45.4667,26.1,84,100,0.72,MG,1675375623
542,bismil,37.8486,40.6658,0.85,80,12,2.41,TR,1675375623
543,kailua,21.4022,-157.7394,27.99,77,21,1.34,US,1675375624
544,varkkallai,8.7341,76.7067,25.88,84,100,1.97,IN,1675375624
545,westport,41.1415,-73.3579,3.44,44,0,5.36,US,1675375414
546,fergus falls,46.283,-96.0776,-21.57,66,0,7.2,US,1675375625
547,tutoia,-2.7619,-42.2744,26.07,83,100,2.9,BR,1675375625
548,makushino,55.2103,67.2442,-19.46,98,21,1.69,RU,1675375625
549,qui nhon,13.7667,109.2333,23.45,91,31,4.03,VN,1675375206
550,magadan,59.5667,150.8,-18.2,87,50,3.39,RU,1675375410
551,duiwelskloof,-23.6934,30.14,22.01,67,60,1.11,ZA,1675375626
552,abha,18.2164,42.5053,11.14,66,0,3.6,SA,1675375626
553,ruston,32.5232,-92.6379,3.66,100,100,3.6,US,1675375498
554,milkovo,54.7167,158.6167,-24.16,97,100,0.47,RU,1675375626
555,nara,34.6851,135.8049,1.06,63,98,0.49,JP,1675375627
556,sisimiut,66.9395,-53.6735,-11.13,81,100,10.5,GL,1675375627
557,moanda,-1.5575,13.2178,23.52,77,73,0.93,GA,1675375628
558,rio grande,-32.035,-52.0986,27.06,77,87,8.32,BR,1675375296
559,nioro,13.35,-15.75,25.78,22,62,3.54,GM,1675375628
560,turochak,52.2576,87.1224,-18.78,100,93,1.37,RU,1675375294
561,limbang,4.75,115.0,25.06,98,94,1.01,MY,1675375628
562,chapais,49.7834,-74.8492,-13.12,94,100,6.56,CA,1675375244
563,boende,-0.2167,20.8667,23.05,81,53,1.45,CD,1675375629
564,kathmandu,27.7167,85.3167,9.35,77,20,2.06,NP,1675375366
565,kamenka,51.3223,42.7678,-5.5,98,100,2.11,RU,1675375629
566,idrinskoye,54.3708,92.1358,-23.52,100,94,0.93,RU,1675375629
567,canto do buriti,-8.11,-42.9444,26.52,62,95,0.79,BR,1675375630
568,kulunda,52.566,78.9385,-20.38,99,83,1.54,RU,1675375630
569,salinas,36.6777,-121.6555,18.68,47,0,6.69,US,1675375566
570,bani,18.2833,-70.3333,27.7,59,8,7.17,DO,1675375631
571,viedma,-40.8135,-62.9967,25.14,41,75,8.26,AR,1675375253
572,jasper,37.2001,-94.3502,9.44,35,0,3.6,US,1675375631
573,knysna,-34.0363,23.0471,19.63,81,85,0.9,ZA,1675375631
574,avera,33.194,-82.5271,10.73,87,100,2.58,US,1675375632
575,belaya gora,68.5333,146.4167,-29.05,100,100,1.31,RU,1675375632
576,ryotsu,38.0833,138.4333,1.73,58,88,5.1,JP,1675375633
577,clearlake,38.9582,-122.6264,12.97,52,100,2.28,US,1675375633
578,homer,59.6425,-151.5483,1.69,86,100,0.0,US,1675375597
579,talnakh,69.4865,88.3972,-10.44,96,100,3.39,RU,1675375291
580,severodvinsk,64.5635,39.8302,-3.94,97,99,1.74,RU,1675375455
581,the valley,18.217,-63.0578,26.92,73,40,5.66,AI,1675375210
582,les cayes,18.2,-73.75,26.03,64,1,4.1,HT,1675375634
583,remanso,-9.6179,-42.0831,28.1,55,54,2.02,BR,1675375634
584,fenoarivo,-18.933,47.4354,18.04,82,75,3.6,MG,1675375635
585,mulege,26.8833,-111.9833,18.27,50,1,5.8,MX,1675375635
586,valente,-11.4122,-39.4619,26.85,59,68,6.07,BR,1675375636
587,gachala,4.6924,-73.5204,20.63,49,14,2.11,CO,1675375636
588,vardo,70.3705,31.1107,-2.35,67,100,3.11,NO,1675375247
